"dataset_code","time","geo","value","unit","obs_status","method"
"turnover_recorded_music",2008-01-01,"AT",64.1,"EUR","A","A"
"turnover_recorded_music",2008-01-01,"BA",19.9,"EUR","E","nocb"
"turnover_recorded_music",2008-01-01,"BE",293.9,"EUR","E","nocb"
"turnover_recorded_music",2008-01-01,"BG",16.6,"EUR","A","A"
"turnover_recorded_music",2008-01-01,"CH",19.1,"EUR","E","nocb"
"turnover_recorded_music",2008-01-01,"CY",20.1,"EUR","A","A"
"turnover_recorded_music",2008-01-01,"CZ",41.9,"EUR","E","nocb"
"turnover_recorded_music",2008-01-01,"DE",2194.3,"EUR","A","A"
"turnover_recorded_music",2008-01-01,"DK",39.4,"EUR","A","A"
"turnover_recorded_music",2008-01-01,"EE",11.9,"EUR","A","A"
"turnover_recorded_music",2008-01-01,"EL",146.5,"EUR","A","A"
"turnover_recorded_music",2008-01-01,"ES",856.6,"EUR","A","A"
"turnover_recorded_music",2008-01-01,"EU27_2020",7283.4,"EUR","E","nocb"
"turnover_recorded_music",2008-01-01,"EU28",8143.2,"EUR","E","nocb"
"turnover_recorded_music",2008-01-01,"FI",53.4,"EUR","A","A"
"turnover_recorded_music",2008-01-01,"FR",1391.3,"EUR","A","A"
"turnover_recorded_music",2008-01-01,"HR",28.9,"EUR","E","nocb"
"turnover_recorded_music",2008-01-01,"HU",42.7,"EUR","A","A"
"turnover_recorded_music",2008-01-01,"IE",NA,"EUR","O","O"
"turnover_recorded_music",2008-01-01,"IS",1.8,"EUR","E","nocb"
"turnover_recorded_music",2008-01-01,"IT",574.3,"EUR","A","A"
"turnover_recorded_music",2008-01-01,"LT",9.5,"EUR","A","A"
"turnover_recorded_music",2008-01-01,"LU",NA,"EUR","O","O"
"turnover_recorded_music",2008-01-01,"LV",11.4,"EUR","A","A"
"turnover_recorded_music",2008-01-01,"MK",2,"EUR","E","nocb"
"turnover_recorded_music",2008-01-01,"MT",1.2,"EUR","A","A"
"turnover_recorded_music",2008-01-01,"NL",NA,"EUR","O","O"
"turnover_recorded_music",2008-01-01,"NO",87.4,"EUR","A","A"
"turnover_recorded_music",2008-01-01,"PL",312.6,"EUR","A","A"
"turnover_recorded_music",2008-01-01,"PT",72.9,"EUR","A","A"
"turnover_recorded_music",2008-01-01,"RO",93.5,"EUR","A","A"
"turnover_recorded_music",2008-01-01,"RS",3.3,"EUR","E","nocb"
"turnover_recorded_music",2008-01-01,"SE",362.7,"EUR","E","nocb"
"turnover_recorded_music",2008-01-01,"SI",33.7,"EUR","A","A"
"turnover_recorded_music",2008-01-01,"SK",0.8,"EUR","A","A"
"turnover_recorded_music",2008-01-01,"UK",1307.3,"EUR","A","A"
"turnover_recorded_music",2008-01-01,"EU27_2007",8394.4,"EUR","E","nocb"
"turnover_recorded_music",2008-01-01,"TR",50,"EUR","E","nocb"
"turnover_recorded_music",2009-01-01,"AT",64.4,"EUR","A","A"
"turnover_recorded_music",2009-01-01,"BA",19.9,"EUR","E","nocb"
"turnover_recorded_music",2009-01-01,"BE",293.9,"EUR","A","A"
"turnover_recorded_music",2009-01-01,"BG",13.8,"EUR","A","A"
"turnover_recorded_music",2009-01-01,"CH",19.1,"EUR","A","A"
"turnover_recorded_music",2009-01-01,"CY",17.6,"EUR","A","A"
"turnover_recorded_music",2009-01-01,"CZ",41.9,"EUR","E","nocb"
"turnover_recorded_music",2009-01-01,"DE",2464.1,"EUR","A","A"
"turnover_recorded_music",2009-01-01,"DK",41.2,"EUR","A","A"
"turnover_recorded_music",2009-01-01,"EE",9.8,"EUR","A","A"
"turnover_recorded_music",2009-01-01,"EL",151.2,"EUR","A","A"
"turnover_recorded_music",2009-01-01,"ES",772.1,"EUR","A","A"
"turnover_recorded_music",2009-01-01,"EU27_2020",7283.4,"EUR","E","nocb"
"turnover_recorded_music",2009-01-01,"EU28",8143.2,"EUR","E","nocb"
"turnover_recorded_music",2009-01-01,"FI",53.5,"EUR","A","A"
"turnover_recorded_music",2009-01-01,"FR",1317,"EUR","A","A"
"turnover_recorded_music",2009-01-01,"HR",28.9,"EUR","E","nocb"
"turnover_recorded_music",2009-01-01,"HU",48.4,"EUR","A","A"
"turnover_recorded_music",2009-01-01,"IE",NA,"EUR","O","O"
"turnover_recorded_music",2009-01-01,"IS",1.8,"EUR","E","nocb"
"turnover_recorded_music",2009-01-01,"IT",504.8,"EUR","A","A"
"turnover_recorded_music",2009-01-01,"LT",7.6,"EUR","A","A"
"turnover_recorded_music",2009-01-01,"LU",NA,"EUR","O","O"
"turnover_recorded_music",2009-01-01,"LV",5.8,"EUR","A","A"
"turnover_recorded_music",2009-01-01,"MK",2,"EUR","E","nocb"
"turnover_recorded_music",2009-01-01,"MT",1.7,"EUR","A","A"
"turnover_recorded_music",2009-01-01,"NL",NA,"EUR","O","O"
"turnover_recorded_music",2009-01-01,"NO",76.3,"EUR","A","A"
"turnover_recorded_music",2009-01-01,"PL",205.1,"EUR","A","A"
"turnover_recorded_music",2009-01-01,"PT",70.8,"EUR","A","A"
"turnover_recorded_music",2009-01-01,"RO",70.2,"EUR","A","A"
"turnover_recorded_music",2009-01-01,"RS",3.3,"EUR","E","nocb"
"turnover_recorded_music",2009-01-01,"SE",362.7,"EUR","E","nocb"
"turnover_recorded_music",2009-01-01,"SI",30.5,"EUR","A","A"
"turnover_recorded_music",2009-01-01,"SK",1.6,"EUR","A","A"
"turnover_recorded_music",2009-01-01,"UK",1130.8,"EUR","A","A"
"turnover_recorded_music",2009-01-01,"EU27_2007",8394.4,"EUR","A","A"
"turnover_recorded_music",2009-01-01,"TR",50,"EUR","A","A"
"turnover_recorded_music",2010-01-01,"AT",62.8,"EUR","A","A"
"turnover_recorded_music",2010-01-01,"BA",19.9,"EUR","E","nocb"
"turnover_recorded_music",2010-01-01,"BE",160.2,"EUR","A","A"
"turnover_recorded_music",2010-01-01,"BG",12.5,"EUR","A","A"
"turnover_recorded_music",2010-01-01,"CH",19.1,"EUR","E","locf"
"turnover_recorded_music",2010-01-01,"CY",18.8,"EUR","A","A"
"turnover_recorded_music",2010-01-01,"CZ",41.9,"EUR","E","nocb"
"turnover_recorded_music",2010-01-01,"DE",2431.2,"EUR","A","A"
"turnover_recorded_music",2010-01-01,"DK",44.3,"EUR","A","A"
"turnover_recorded_music",2010-01-01,"EE",7,"EUR","E","approx"
"turnover_recorded_music",2010-01-01,"EL",133.6,"EUR","A","A"
"turnover_recorded_music",2010-01-01,"ES",721.7,"EUR","A","A"
"turnover_recorded_music",2010-01-01,"EU27_2020",7283.4,"EUR","E","nocb"
"turnover_recorded_music",2010-01-01,"EU28",8143.2,"EUR","E","nocb"
"turnover_recorded_music",2010-01-01,"FI",53.5,"EUR","A","A"
"turnover_recorded_music",2010-01-01,"FR",1374.7,"EUR","A","A"
"turnover_recorded_music",2010-01-01,"HR",28.9,"EUR","E","nocb"
"turnover_recorded_music",2010-01-01,"HU",40.5,"EUR","A","A"
"turnover_recorded_music",2010-01-01,"IE",NA,"EUR","O","O"
"turnover_recorded_music",2010-01-01,"IS",1.8,"EUR","E","nocb"
"turnover_recorded_music",2010-01-01,"IT",580.2,"EUR","A","A"
"turnover_recorded_music",2010-01-01,"LT",6.7,"EUR","A","A"
"turnover_recorded_music",2010-01-01,"LU",NA,"EUR","O","O"
"turnover_recorded_music",2010-01-01,"LV",5.4,"EUR","A","A"
"turnover_recorded_music",2010-01-01,"MK",2,"EUR","E","nocb"
"turnover_recorded_music",2010-01-01,"MT",1.6,"EUR","A","A"
"turnover_recorded_music",2010-01-01,"NL",NA,"EUR","O","O"
"turnover_recorded_music",2010-01-01,"NO",92.2,"EUR","A","A"
"turnover_recorded_music",2010-01-01,"PL",217.1,"EUR","A","A"
"turnover_recorded_music",2010-01-01,"PT",67.4,"EUR","A","A"
"turnover_recorded_music",2010-01-01,"RO",70,"EUR","A","A"
"turnover_recorded_music",2010-01-01,"RS",3.3,"EUR","E","nocb"
"turnover_recorded_music",2010-01-01,"SE",362.7,"EUR","E","nocb"
"turnover_recorded_music",2010-01-01,"SI",29.9,"EUR","A","A"
"turnover_recorded_music",2010-01-01,"SK",1.8,"EUR","A","A"
"turnover_recorded_music",2010-01-01,"UK",1046.1,"EUR","A","A"
"turnover_recorded_music",2010-01-01,"EU27_2007",8394.4,"EUR","E","locf"
"turnover_recorded_music",2010-01-01,"TR",50,"EUR","E","locf"
"turnover_recorded_music",2011-01-01,"AT",67.2,"EUR","A","A"
"turnover_recorded_music",2011-01-01,"BA",19.9,"EUR","A","A"
"turnover_recorded_music",2011-01-01,"BE",129.7,"EUR","A","A"
"turnover_recorded_music",2011-01-01,"BG",15,"EUR","A","A"
"turnover_recorded_music",2011-01-01,"CH",19.1,"EUR","E","locf"
"turnover_recorded_music",2011-01-01,"CY",16.4,"EUR","A","A"
"turnover_recorded_music",2011-01-01,"CZ",41.9,"EUR","A","A"
"turnover_recorded_music",2011-01-01,"DE",2389.8,"EUR","A","A"
"turnover_recorded_music",2011-01-01,"DK",49.1,"EUR","A","A"
"turnover_recorded_music",2011-01-01,"EE",4.2,"EUR","A","A"
"turnover_recorded_music",2011-01-01,"EL",103.6,"EUR","A","A"
"turnover_recorded_music",2011-01-01,"ES",703.7,"EUR","A","A"
"turnover_recorded_music",2011-01-01,"EU27_2020",7283.4,"EUR","A","A"
"turnover_recorded_music",2011-01-01,"EU28",8143.2,"EUR","A","A"
"turnover_recorded_music",2011-01-01,"FI",57.3,"EUR","A","A"
"turnover_recorded_music",2011-01-01,"FR",1393.6,"EUR","A","A"
"turnover_recorded_music",2011-01-01,"HR",28.9,"EUR","A","A"
"turnover_recorded_music",2011-01-01,"HU",33.3,"EUR","A","A"
"turnover_recorded_music",2011-01-01,"IE",NA,"EUR","O","O"
"turnover_recorded_music",2011-01-01,"IS",1.8,"EUR","E","nocb"
"turnover_recorded_music",2011-01-01,"IT",508.1,"EUR","A","A"
"turnover_recorded_music",2011-01-01,"LT",6.7,"EUR","A","A"
"turnover_recorded_music",2011-01-01,"LU",NA,"EUR","O","O"
"turnover_recorded_music",2011-01-01,"LV",6.2,"EUR","A","A"
"turnover_recorded_music",2011-01-01,"MK",2,"EUR","A","A"
"turnover_recorded_music",2011-01-01,"MT",1.6,"EUR","E","locf"
"turnover_recorded_music",2011-01-01,"NL",NA,"EUR","O","O"
"turnover_recorded_music",2011-01-01,"NO",94.8,"EUR","A","A"
"turnover_recorded_music",2011-01-01,"PL",188.9,"EUR","A","A"
"turnover_recorded_music",2011-01-01,"PT",64.2,"EUR","A","A"
"turnover_recorded_music",2011-01-01,"RO",68.1,"EUR","A","A"
"turnover_recorded_music",2011-01-01,"RS",3.3,"EUR","E","nocb"
"turnover_recorded_music",2011-01-01,"SE",362.7,"EUR","E","nocb"
"turnover_recorded_music",2011-01-01,"SI",29.6,"EUR","A","A"
"turnover_recorded_music",2011-01-01,"SK",5.5,"EUR","A","A"
"turnover_recorded_music",2011-01-01,"UK",859.7,"EUR","A","A"
"turnover_recorded_music",2011-01-01,"EU27_2007",8394.4,"EUR","E","locf"
"turnover_recorded_music",2011-01-01,"TR",50,"EUR","E","locf"
"turnover_recorded_music",2012-01-01,"AT",81.1,"EUR","A","A"
"turnover_recorded_music",2012-01-01,"BA",10.7,"EUR","A","A"
"turnover_recorded_music",2012-01-01,"BE",168.6,"EUR","A","A"
"turnover_recorded_music",2012-01-01,"BG",13.5,"EUR","A","A"
"turnover_recorded_music",2012-01-01,"CH",19.1,"EUR","E","locf"
"turnover_recorded_music",2012-01-01,"CY",13.4,"EUR","A","A"
"turnover_recorded_music",2012-01-01,"CZ",36.6,"EUR","A","A"
"turnover_recorded_music",2012-01-01,"DE",2489.5,"EUR","A","A"
"turnover_recorded_music",2012-01-01,"DK",64.2,"EUR","A","A"
"turnover_recorded_music",2012-01-01,"EE",4.7,"EUR","E","approx"
"turnover_recorded_music",2012-01-01,"EL",83.6,"EUR","A","A"
"turnover_recorded_music",2012-01-01,"ES",615.8,"EUR","A","A"
"turnover_recorded_music",2012-01-01,"EU27_2020",7111.8,"EUR","A","A"
"turnover_recorded_music",2012-01-01,"EU28",8163.2,"EUR","A","A"
"turnover_recorded_music",2012-01-01,"FI",59,"EUR","A","A"
"turnover_recorded_music",2012-01-01,"FR",1261.3,"EUR","A","A"
"turnover_recorded_music",2012-01-01,"HR",27.1,"EUR","A","A"
"turnover_recorded_music",2012-01-01,"HU",27.9,"EUR","A","A"
"turnover_recorded_music",2012-01-01,"IE",NA,"EUR","O","O"
"turnover_recorded_music",2012-01-01,"IS",1.8,"EUR","E","nocb"
"turnover_recorded_music",2012-01-01,"IT",434.6,"EUR","A","A"
"turnover_recorded_music",2012-01-01,"LT",6.7,"EUR","A","A"
"turnover_recorded_music",2012-01-01,"LU",NA,"EUR","O","O"
"turnover_recorded_music",2012-01-01,"LV",6.5,"EUR","A","A"
"turnover_recorded_music",2012-01-01,"MK",2.1,"EUR","A","A"
"turnover_recorded_music",2012-01-01,"MT",1.6,"EUR","E","locf"
"turnover_recorded_music",2012-01-01,"NL",NA,"EUR","O","O"
"turnover_recorded_music",2012-01-01,"NO",102.2,"EUR","A","A"
"turnover_recorded_music",2012-01-01,"PL",191.8,"EUR","A","A"
"turnover_recorded_music",2012-01-01,"PT",57.9,"EUR","A","A"
"turnover_recorded_music",2012-01-01,"RO",66.2,"EUR","A","A"
"turnover_recorded_music",2012-01-01,"RS",3.3,"EUR","E","nocb"
"turnover_recorded_music",2012-01-01,"SE",362.7,"EUR","E","nocb"
"turnover_recorded_music",2012-01-01,"SI",29.1,"EUR","A","A"
"turnover_recorded_music",2012-01-01,"SK",8.3,"EUR","A","A"
"turnover_recorded_music",2012-01-01,"UK",1051.4,"EUR","A","A"
"turnover_recorded_music",2012-01-01,"EU27_2007",8394.4,"EUR","E","locf"
"turnover_recorded_music",2012-01-01,"TR",50,"EUR","E","locf"
"turnover_recorded_music",2013-01-01,"AT",80,"EUR","A","A"
"turnover_recorded_music",2013-01-01,"BA",8,"EUR","A","A"
"turnover_recorded_music",2013-01-01,"BE",107.5,"EUR","A","A"
"turnover_recorded_music",2013-01-01,"BG",16,"EUR","A","A"
"turnover_recorded_music",2013-01-01,"CH",19.1,"EUR","E","locf"
"turnover_recorded_music",2013-01-01,"CY",8.6,"EUR","A","A"
"turnover_recorded_music",2013-01-01,"CZ",43.4,"EUR","A","A"
"turnover_recorded_music",2013-01-01,"DE",2543.7,"EUR","A","A"
"turnover_recorded_music",2013-01-01,"DK",68.8,"EUR","A","A"
"turnover_recorded_music",2013-01-01,"EE",5.2,"EUR","E","approx"
"turnover_recorded_music",2013-01-01,"EL",54.9,"EUR","A","A"
"turnover_recorded_music",2013-01-01,"ES",528.2,"EUR","A","A"
"turnover_recorded_music",2013-01-01,"EU27_2020",6978.9,"EUR","A","A"
"turnover_recorded_music",2013-01-01,"EU28",7969.8,"EUR","A","A"
"turnover_recorded_music",2013-01-01,"FI",57.25,"EUR","E","approx"
"turnover_recorded_music",2013-01-01,"FR",1294.5,"EUR","A","A"
"turnover_recorded_music",2013-01-01,"HR",31.3,"EUR","A","A"
"turnover_recorded_music",2013-01-01,"HU",40.1,"EUR","A","A"
"turnover_recorded_music",2013-01-01,"IE",NA,"EUR","O","O"
"turnover_recorded_music",2013-01-01,"IS",1.8,"EUR","E","nocb"
"turnover_recorded_music",2013-01-01,"IT",397.5,"EUR","A","A"
"turnover_recorded_music",2013-01-01,"LT",6.2,"EUR","A","A"
"turnover_recorded_music",2013-01-01,"LU",NA,"EUR","O","O"
"turnover_recorded_music",2013-01-01,"LV",5.7,"EUR","A","A"
"turnover_recorded_music",2013-01-01,"MK",2.4,"EUR","A","A"
"turnover_recorded_music",2013-01-01,"MT",1.6,"EUR","E","locf"
"turnover_recorded_music",2013-01-01,"NL",NA,"EUR","O","O"
"turnover_recorded_music",2013-01-01,"NO",98.8,"EUR","A","A"
"turnover_recorded_music",2013-01-01,"PL",206.8,"EUR","A","A"
"turnover_recorded_music",2013-01-01,"PT",52.6,"EUR","A","A"
"turnover_recorded_music",2013-01-01,"RO",67.9,"EUR","A","A"
"turnover_recorded_music",2013-01-01,"RS",3.3,"EUR","E","nocb"
"turnover_recorded_music",2013-01-01,"SE",362.7,"EUR","E","nocb"
"turnover_recorded_music",2013-01-01,"SI",27.5,"EUR","A","A"
"turnover_recorded_music",2013-01-01,"SK",6.4,"EUR","A","A"
"turnover_recorded_music",2013-01-01,"UK",990.8,"EUR","A","A"
"turnover_recorded_music",2013-01-01,"EU27_2007",8394.4,"EUR","E","locf"
"turnover_recorded_music",2013-01-01,"TR",50,"EUR","E","locf"
"turnover_recorded_music",2014-01-01,"AT",80.3,"EUR","A","A"
"turnover_recorded_music",2014-01-01,"BA",6.8,"EUR","A","A"
"turnover_recorded_music",2014-01-01,"BE",117.6,"EUR","A","A"
"turnover_recorded_music",2014-01-01,"BG",15.2,"EUR","A","A"
"turnover_recorded_music",2014-01-01,"CH",19.1,"EUR","E","locf"
"turnover_recorded_music",2014-01-01,"CY",8.7,"EUR","A","A"
"turnover_recorded_music",2014-01-01,"CZ",38.4,"EUR","A","A"
"turnover_recorded_music",2014-01-01,"DE",2650.1,"EUR","A","A"
"turnover_recorded_music",2014-01-01,"DK",50.7,"EUR","A","A"
"turnover_recorded_music",2014-01-01,"EE",5.7,"EUR","E","approx"
"turnover_recorded_music",2014-01-01,"EL",63.7,"EUR","A","A"
"turnover_recorded_music",2014-01-01,"ES",543.9,"EUR","A","A"
"turnover_recorded_music",2014-01-01,"EU27_2020",6864.1,"EUR","A","A"
"turnover_recorded_music",2014-01-01,"EU28",8429.8,"EUR","A","A"
"turnover_recorded_music",2014-01-01,"FI",55.5,"EUR","A","A"
"turnover_recorded_music",2014-01-01,"FR",1312.8,"EUR","A","A"
"turnover_recorded_music",2014-01-01,"HR",32.5,"EUR","A","A"
"turnover_recorded_music",2014-01-01,"HU",33.1,"EUR","A","A"
"turnover_recorded_music",2014-01-01,"IE",NA,"EUR","O","O"
"turnover_recorded_music",2014-01-01,"IS",1.8,"EUR","E","nocb"
"turnover_recorded_music",2014-01-01,"IT",373,"EUR","A","A"
"turnover_recorded_music",2014-01-01,"LT",7,"EUR","A","A"
"turnover_recorded_music",2014-01-01,"LU",NA,"EUR","O","O"
"turnover_recorded_music",2014-01-01,"LV",8,"EUR","A","A"
"turnover_recorded_music",2014-01-01,"MK",2.4,"EUR","A","A"
"turnover_recorded_music",2014-01-01,"MT",1.6,"EUR","E","locf"
"turnover_recorded_music",2014-01-01,"NL",NA,"EUR","O","O"
"turnover_recorded_music",2014-01-01,"NO",101.8,"EUR","A","A"
"turnover_recorded_music",2014-01-01,"PL",195.5,"EUR","A","A"
"turnover_recorded_music",2014-01-01,"PT",55.1,"EUR","A","A"
"turnover_recorded_music",2014-01-01,"RO",72.7,"EUR","A","A"
"turnover_recorded_music",2014-01-01,"RS",3.3,"EUR","E","nocb"
"turnover_recorded_music",2014-01-01,"SE",362.7,"EUR","E","nocb"
"turnover_recorded_music",2014-01-01,"SI",28.1,"EUR","A","A"
"turnover_recorded_music",2014-01-01,"SK",2.3,"EUR","A","A"
"turnover_recorded_music",2014-01-01,"UK",1565.7,"EUR","A","A"
"turnover_recorded_music",2014-01-01,"EU27_2007",8394.4,"EUR","E","locf"
"turnover_recorded_music",2014-01-01,"TR",50,"EUR","E","locf"
"turnover_recorded_music",2015-01-01,"AT",86.5,"EUR","A","A"
"turnover_recorded_music",2015-01-01,"BA",5,"EUR","A","A"
"turnover_recorded_music",2015-01-01,"BE",101.3,"EUR","A","A"
"turnover_recorded_music",2015-01-01,"BG",15,"EUR","A","A"
"turnover_recorded_music",2015-01-01,"CH",19.1,"EUR","E","locf"
"turnover_recorded_music",2015-01-01,"CY",9.8,"EUR","A","A"
"turnover_recorded_music",2015-01-01,"CZ",42.5,"EUR","A","A"
"turnover_recorded_music",2015-01-01,"DE",1069.8,"EUR","A","A"
"turnover_recorded_music",2015-01-01,"DK",171.5,"EUR","A","A"
"turnover_recorded_music",2015-01-01,"EE",6.2,"EUR","A","A"
"turnover_recorded_music",2015-01-01,"EL",52.9,"EUR","A","A"
"turnover_recorded_music",2015-01-01,"ES",610.7,"EUR","A","A"
"turnover_recorded_music",2015-01-01,"EU27_2020",5315.9,"EUR","A","A"
"turnover_recorded_music",2015-01-01,"EU28",6771.7,"EUR","A","A"
"turnover_recorded_music",2015-01-01,"FI",42.3,"EUR","A","A"
"turnover_recorded_music",2015-01-01,"FR",1265.1,"EUR","A","A"
"turnover_recorded_music",2015-01-01,"HR",32.7,"EUR","A","A"
"turnover_recorded_music",2015-01-01,"HU",31,"EUR","A","A"
"turnover_recorded_music",2015-01-01,"IE",NA,"EUR","O","O"
"turnover_recorded_music",2015-01-01,"IS",1.8,"EUR","A","A"
"turnover_recorded_music",2015-01-01,"IT",383,"EUR","A","A"
"turnover_recorded_music",2015-01-01,"LT",7.1,"EUR","A","A"
"turnover_recorded_music",2015-01-01,"LU",NA,"EUR","O","O"
"turnover_recorded_music",2015-01-01,"LV",7.8,"EUR","A","A"
"turnover_recorded_music",2015-01-01,"MK",2.7,"EUR","A","A"
"turnover_recorded_music",2015-01-01,"MT",1.6,"EUR","E","locf"
"turnover_recorded_music",2015-01-01,"NL",NA,"EUR","O","O"
"turnover_recorded_music",2015-01-01,"NO",91.1,"EUR","A","A"
"turnover_recorded_music",2015-01-01,"PL",197.9,"EUR","A","A"
"turnover_recorded_music",2015-01-01,"PT",59.5,"EUR","A","A"
"turnover_recorded_music",2015-01-01,"RO",72.3,"EUR","A","A"
"turnover_recorded_music",2015-01-01,"RS",3.3,"EUR","E","nocb"
"turnover_recorded_music",2015-01-01,"SE",362.7,"EUR","A","A"
"turnover_recorded_music",2015-01-01,"SI",28.7,"EUR","A","A"
"turnover_recorded_music",2015-01-01,"SK",6.8,"EUR","A","A"
"turnover_recorded_music",2015-01-01,"UK",1455.8,"EUR","A","A"
"turnover_recorded_music",2015-01-01,"EU27_2007",8394.4,"EUR","E","locf"
"turnover_recorded_music",2015-01-01,"TR",50,"EUR","E","locf"
"turnover_recorded_music",2016-01-01,"AT",88.6,"EUR","A","A"
"turnover_recorded_music",2016-01-01,"BA",8.2,"EUR","A","A"
"turnover_recorded_music",2016-01-01,"BE",95.8,"EUR","A","A"
"turnover_recorded_music",2016-01-01,"BG",13.9,"EUR","A","A"
"turnover_recorded_music",2016-01-01,"CH",19.1,"EUR","E","locf"
"turnover_recorded_music",2016-01-01,"CY",10,"EUR","A","A"
"turnover_recorded_music",2016-01-01,"CZ",42.1,"EUR","A","A"
"turnover_recorded_music",2016-01-01,"DE",980.3,"EUR","A","A"
"turnover_recorded_music",2016-01-01,"DK",55.4,"EUR","A","A"
"turnover_recorded_music",2016-01-01,"EE",6.46666666666667,"EUR","E","approx"
"turnover_recorded_music",2016-01-01,"EL",56.6,"EUR","A","A"
"turnover_recorded_music",2016-01-01,"ES",583.4,"EUR","A","A"
"turnover_recorded_music",2016-01-01,"EU27_2020",5061.7,"EUR","A","A"
"turnover_recorded_music",2016-01-01,"EU28",6174,"EUR","A","A"
"turnover_recorded_music",2016-01-01,"FI",48.2,"EUR","A","A"
"turnover_recorded_music",2016-01-01,"FR",1212.2,"EUR","A","A"
"turnover_recorded_music",2016-01-01,"HR",27.9,"EUR","A","A"
"turnover_recorded_music",2016-01-01,"HU",33.3,"EUR","A","A"
"turnover_recorded_music",2016-01-01,"IE",NA,"EUR","O","O"
"turnover_recorded_music",2016-01-01,"IS",1.9,"EUR","A","A"
"turnover_recorded_music",2016-01-01,"IT",400.6,"EUR","A","A"
"turnover_recorded_music",2016-01-01,"LT",7.2,"EUR","A","A"
"turnover_recorded_music",2016-01-01,"LU",NA,"EUR","O","O"
"turnover_recorded_music",2016-01-01,"LV",7.6,"EUR","A","A"
"turnover_recorded_music",2016-01-01,"MK",2.8,"EUR","A","A"
"turnover_recorded_music",2016-01-01,"MT",1.6,"EUR","E","locf"
"turnover_recorded_music",2016-01-01,"NL",NA,"EUR","O","O"
"turnover_recorded_music",2016-01-01,"NO",83.9,"EUR","A","A"
"turnover_recorded_music",2016-01-01,"PL",191.2,"EUR","A","A"
"turnover_recorded_music",2016-01-01,"PT",60.6,"EUR","A","A"
"turnover_recorded_music",2016-01-01,"RO",73.7,"EUR","A","A"
"turnover_recorded_music",2016-01-01,"RS",3.3,"EUR","A","A"
"turnover_recorded_music",2016-01-01,"SE",362.7,"EUR","E","locf"
"turnover_recorded_music",2016-01-01,"SI",29.4,"EUR","E","approx"
"turnover_recorded_music",2016-01-01,"SK",13.6,"EUR","A","A"
"turnover_recorded_music",2016-01-01,"UK",1112.4,"EUR","A","A"
"turnover_recorded_music",2016-01-01,"EU27_2007",8394.4,"EUR","E","locf"
"turnover_recorded_music",2016-01-01,"TR",50,"EUR","E","locf"
"turnover_recorded_music",2017-01-01,"AT",97.2,"EUR","A","A"
"turnover_recorded_music",2017-01-01,"BA",6,"EUR","A","A"
"turnover_recorded_music",2017-01-01,"BE",97.5,"EUR","A","A"
"turnover_recorded_music",2017-01-01,"BG",13.6,"EUR","A","A"
"turnover_recorded_music",2017-01-01,"CH",19.1,"EUR","E","locf"
"turnover_recorded_music",2017-01-01,"CY",10.3,"EUR","A","A"
"turnover_recorded_music",2017-01-01,"CZ",25.6,"EUR","A","A"
"turnover_recorded_music",2017-01-01,"DE",934.1,"EUR","A","A"
"turnover_recorded_music",2017-01-01,"DK",61.2,"EUR","A","A"
"turnover_recorded_music",2017-01-01,"EE",6.73333333333333,"EUR","E","approx"
"turnover_recorded_music",2017-01-01,"EL",61.7,"EUR","A","A"
"turnover_recorded_music",2017-01-01,"ES",568.6,"EUR","A","A"
"turnover_recorded_music",2017-01-01,"EU27_2020",5191.7,"EUR","A","A"
"turnover_recorded_music",2017-01-01,"EU28",6127.7,"EUR","A","A"
"turnover_recorded_music",2017-01-01,"FI",50.8,"EUR","A","A"
"turnover_recorded_music",2017-01-01,"FR",1390.1,"EUR","A","A"
"turnover_recorded_music",2017-01-01,"HR",29.5,"EUR","A","A"
"turnover_recorded_music",2017-01-01,"HU",31.3,"EUR","A","A"
"turnover_recorded_music",2017-01-01,"IE",NA,"EUR","O","O"
"turnover_recorded_music",2017-01-01,"IS",2.1,"EUR","A","A"
"turnover_recorded_music",2017-01-01,"IT",408.7,"EUR","A","A"
"turnover_recorded_music",2017-01-01,"LT",7.7,"EUR","A","A"
"turnover_recorded_music",2017-01-01,"LU",NA,"EUR","O","O"
"turnover_recorded_music",2017-01-01,"LV",7.6,"EUR","A","A"
"turnover_recorded_music",2017-01-01,"MK",2.3,"EUR","A","A"
"turnover_recorded_music",2017-01-01,"MT",1.6,"EUR","E","locf"
"turnover_recorded_music",2017-01-01,"NL",NA,"EUR","O","O"
"turnover_recorded_music",2017-01-01,"NO",82.8,"EUR","A","A"
"turnover_recorded_music",2017-01-01,"PL",201.1,"EUR","A","A"
"turnover_recorded_music",2017-01-01,"PT",66.3,"EUR","A","A"
"turnover_recorded_music",2017-01-01,"RO",41.4,"EUR","A","A"
"turnover_recorded_music",2017-01-01,"RS",4.7,"EUR","A","A"
"turnover_recorded_music",2017-01-01,"SE",362.7,"EUR","E","locf"
"turnover_recorded_music",2017-01-01,"SI",30.1,"EUR","A","A"
"turnover_recorded_music",2017-01-01,"SK",12.9,"EUR","A","A"
"turnover_recorded_music",2017-01-01,"UK",936,"EUR","A","A"
"turnover_recorded_music",2017-01-01,"EU27_2007",8394.4,"EUR","E","locf"
"turnover_recorded_music",2017-01-01,"TR",50,"EUR","E","locf"
"turnover_recorded_music",2018-01-01,"AT",85.6,"EUR","A","A"
"turnover_recorded_music",2018-01-01,"BA",5.7,"EUR","A","A"
"turnover_recorded_music",2018-01-01,"BE",86.1,"EUR","A","A"
"turnover_recorded_music",2018-01-01,"BG",14.3,"EUR","A","A"
"turnover_recorded_music",2018-01-01,"CH",19.1,"EUR","E","locf"
"turnover_recorded_music",2018-01-01,"CY",11,"EUR","A","A"
"turnover_recorded_music",2018-01-01,"CZ",26.6,"EUR","A","A"
"turnover_recorded_music",2018-01-01,"DE",910.7,"EUR","A","A"
"turnover_recorded_music",2018-01-01,"DK",62.3,"EUR","A","A"
"turnover_recorded_music",2018-01-01,"EE",7,"EUR","A","A"
"turnover_recorded_music",2018-01-01,"EL",61,"EUR","A","A"
"turnover_recorded_music",2018-01-01,"ES",611.9,"EUR","A","A"
"turnover_recorded_music",2018-01-01,"EU27_2020",5706,"EUR","A","A"
"turnover_recorded_music",2018-01-01,"EU28",6538.2,"EUR","A","A"
"turnover_recorded_music",2018-01-01,"FI",51.1,"EUR","A","A"
"turnover_recorded_music",2018-01-01,"FR",1863.4,"EUR","A","A"
"turnover_recorded_music",2018-01-01,"HR",31.6,"EUR","A","A"
"turnover_recorded_music",2018-01-01,"HU",33.1,"EUR","A","A"
"turnover_recorded_music",2018-01-01,"IE",NA,"EUR","O","O"
"turnover_recorded_music",2018-01-01,"IS",1.9,"EUR","A","A"
"turnover_recorded_music",2018-01-01,"IT",283.8,"EUR","A","A"
"turnover_recorded_music",2018-01-01,"LT",7.7,"EUR","A","A"
"turnover_recorded_music",2018-01-01,"LU",NA,"EUR","O","O"
"turnover_recorded_music",2018-01-01,"LV",9,"EUR","A","A"
"turnover_recorded_music",2018-01-01,"MK",2.2,"EUR","A","A"
"turnover_recorded_music",2018-01-01,"MT",1.6,"EUR","E","locf"
"turnover_recorded_music",2018-01-01,"NL",NA,"EUR","O","O"
"turnover_recorded_music",2018-01-01,"NO",74.3,"EUR","A","A"
"turnover_recorded_music",2018-01-01,"PL",672.2,"EUR","A","A"
"turnover_recorded_music",2018-01-01,"PT",63.1,"EUR","A","A"
"turnover_recorded_music",2018-01-01,"RO",36.1,"EUR","A","A"
"turnover_recorded_music",2018-01-01,"RS",4,"EUR","A","A"
"turnover_recorded_music",2018-01-01,"SE",362.7,"EUR","E","locf"
"turnover_recorded_music",2018-01-01,"SI",30,"EUR","A","A"
"turnover_recorded_music",2018-01-01,"SK",11,"EUR","A","A"
"turnover_recorded_music",2018-01-01,"UK",832.2,"EUR","A","A"
"turnover_recorded_music",2018-01-01,"EU27_2007",8394.4,"EUR","E","locf"
"turnover_recorded_music",2018-01-01,"TR",50,"EUR","E","locf"
"turnover_recorded_music",2019-01-01,"AT",85.6011616916536,"EUR","E","ETS(M,N,N)"
"turnover_recorded_music",2019-01-01,"BA",5.73159827884363,"EUR","E","ETS(M,N,N)"
"turnover_recorded_music",2019-01-01,"BE",86.4295115281875,"EUR","E","ETS(M,N,N)"
"turnover_recorded_music",2019-01-01,"BG",14.4908386036208,"EUR","E","ETS(A,N,N)"
"turnover_recorded_music",2019-01-01,"CH",19.1,"EUR","E","ETS(A,N,N)"
"turnover_recorded_music",2019-01-01,"CY",10.9999299447848,"EUR","E","ETS(M,N,N)"
"turnover_recorded_music",2019-01-01,"CZ",26.9330268012384,"EUR","E","ETS(M,N,N)"
"turnover_recorded_music",2019-01-01,"DE",910.702345705584,"EUR","E","ETS(M,N,N)"
"turnover_recorded_music",2019-01-01,"DK",64.5323835298971,"EUR","E","ETS(A,N,N)"
"turnover_recorded_music",2019-01-01,"EE",6.99997330089088,"EUR","E","ETS(M,N,N)"
"turnover_recorded_music",2019-01-01,"EL",61.0000704203859,"EUR","E","ETS(M,N,N)"
"turnover_recorded_music",2019-01-01,"ES",611.895666753568,"EUR","E","ETS(M,N,N)"
"turnover_recorded_music",2019-01-01,"EU27_2020",5705.94855178604,"EUR","E","ETS(A,N,N)"
"turnover_recorded_music",2019-01-01,"EU28",6538.15877194149,"EUR","E","ETS(M,N,N)"
"turnover_recorded_music",2019-01-01,"FI",50.5701255670159,"EUR","E","ETS(M,N,N)"
"turnover_recorded_music",2019-01-01,"FR",1863.35255716331,"EUR","E","ETS(M,N,N)"
"turnover_recorded_music",2019-01-01,"HR",29.7078523110252,"EUR","E","ETS(A,N,N)"
"turnover_recorded_music",2019-01-01,"HU",32.7340377483933,"EUR","E","ETS(M,N,N)"
"turnover_recorded_music",2019-01-01,"IE",NA,"EUR","O","O"
"turnover_recorded_music",2019-01-01,"IS",1.94142504496583,"EUR","E","ETS(M,N,N)"
"turnover_recorded_music",2019-01-01,"IT",285.142186695973,"EUR","E","ETS(M,N,N)"
"turnover_recorded_music",2019-01-01,"LT",7.69999999499966,"EUR","E","ETS(M,N,N)"
"turnover_recorded_music",2019-01-01,"LU",NA,"EUR","O","O"
"turnover_recorded_music",2019-01-01,"LV",8.95264886270829,"EUR","E","ETS(M,N,N)"
"turnover_recorded_music",2019-01-01,"MK",2.20001000618564,"EUR","E","ETS(M,N,N)"
"turnover_recorded_music",2019-01-01,"MT",1.6,"EUR","E","ETS(A,N,N)"
"turnover_recorded_music",2019-01-01,"NL",NA,"EUR","O","O"
"turnover_recorded_music",2019-01-01,"NO",75.1747792848952,"EUR","E","ETS(A,N,N)"
"turnover_recorded_music",2019-01-01,"PL",252.774148325137,"EUR","E","ETS(A,N,N)"
"turnover_recorded_music",2019-01-01,"PT",63.1003201046371,"EUR","E","ETS(A,N,N)"
"turnover_recorded_music",2019-01-01,"RO",36.1005307651417,"EUR","E","ETS(M,N,N)"
"turnover_recorded_music",2019-01-01,"RS",3.99999736383278,"EUR","E","ETS(A,N,N)"
"turnover_recorded_music",2019-01-01,"SE",362.7,"EUR","E","ETS(A,N,N)"
"turnover_recorded_music",2019-01-01,"SI",30.0000099964989,"EUR","E","ETS(M,N,N)"
"turnover_recorded_music",2019-01-01,"SK",13.434661891249,"EUR","E","ETS(M,A,N)"
"turnover_recorded_music",2019-01-01,"UK",1117.09027598263,"EUR","E","ETS(A,N,N)"
"turnover_recorded_music",2019-01-01,"EU27_2007",8394.4,"EUR","E","ETS(A,N,N)"
"turnover_recorded_music",2019-01-01,"TR",50,"EUR","E","ETS(A,N,N)"
