"dataset_code","time","geo","value","unit","obs_status","method","freq","group"
"ind_cloud_storage_files",2014-01-01,"AT",22,"PC_IND","A","A","A","Central"
"ind_cloud_storage_files",2014-01-01,"BA",7,"PC_IND","A","nocb","A","Southeast"
"ind_cloud_storage_files",2014-01-01,"BE",28,"PC_IND","A","A","A","Benelux"
"ind_cloud_storage_files",2014-01-01,"BG",11,"PC_IND","A","A","A","Southeast"
"ind_cloud_storage_files",2014-01-01,"CY",13,"PC_IND","A","A","A","South"
"ind_cloud_storage_files",2014-01-01,"CZ",16,"PC_IND","A","A","A","Visegrad"
"ind_cloud_storage_files",2014-01-01,"DE",21,"PC_IND","A","A","A","Central"
"ind_cloud_storage_files",2014-01-01,"DK",42,"PC_IND","A","A","A","Nordic"
"ind_cloud_storage_files",2014-01-01,"EA",21,"PC_IND","A","A","A","aggregate"
"ind_cloud_storage_files",2014-01-01,"EE",24,"PC_IND","A","A","A","Baltic"
"ind_cloud_storage_files",2014-01-01,"EL",11,"PC_IND","A","A","A","Southeast"
"ind_cloud_storage_files",2014-01-01,"ES",24,"PC_IND","A","A","A","South"
"ind_cloud_storage_files",2014-01-01,"EU27_2020",19,"PC_IND","A","A","A","aggregate"
"ind_cloud_storage_files",2014-01-01,"FI",24,"PC_IND","A","A","A","Nordic"
"ind_cloud_storage_files",2014-01-01,"HR",15,"PC_IND","A","A","A","Southeast"
"ind_cloud_storage_files",2014-01-01,"HU",12,"PC_IND","A","A","A","Visegrad"
"ind_cloud_storage_files",2014-01-01,"IE",28,"PC_IND","A","A","A","West"
"ind_cloud_storage_files",2014-01-01,"IS",34,"PC_IND","A","A","A","Nordic"
"ind_cloud_storage_files",2014-01-01,"IT",17,"PC_IND","A","A","A","South"
"ind_cloud_storage_files",2014-01-01,"LT",8,"PC_IND","A","A","A","Baltic"
"ind_cloud_storage_files",2014-01-01,"LU",35,"PC_IND","A","A","A","Benelux"
"ind_cloud_storage_files",2014-01-01,"LV",14,"PC_IND","A","A","A","Baltic"
"ind_cloud_storage_files",2014-01-01,"ME",24,"PC_IND","A","nocb","A","Southeast"
"ind_cloud_storage_files",2014-01-01,"MK",12,"PC_IND","A","A","A","Southeast"
"ind_cloud_storage_files",2014-01-01,"MT",22,"PC_IND","A","A","A","South"
"ind_cloud_storage_files",2014-01-01,"NL",34,"PC_IND","A","A","A","Benelux"
"ind_cloud_storage_files",2014-01-01,"NO",40,"PC_IND","A","A","A","Nordic"
"ind_cloud_storage_files",2014-01-01,"PL",8,"PC_IND","A","A","A","Visegrad"
"ind_cloud_storage_files",2014-01-01,"PT",16,"PC_IND","A","A","A","South"
"ind_cloud_storage_files",2014-01-01,"RO",8,"PC_IND","A","A","A","Southeast"
"ind_cloud_storage_files",2014-01-01,"RS",10,"PC_IND","A","nocb","A","Southeast"
"ind_cloud_storage_files",2014-01-01,"SE",35,"PC_IND","A","A","A","Nordic"
"ind_cloud_storage_files",2014-01-01,"SI",18,"PC_IND","A","A","A","Central"
"ind_cloud_storage_files",2014-01-01,"SK",16,"PC_IND","A","A","A","Visegrad"
"ind_cloud_storage_files",2014-01-01,"SK",16,"PC_IND","A","A","A","Southeast"
"ind_cloud_storage_files",2014-01-01,"TR",8,"PC_IND","A","nocb","A","Southeast"
"ind_cloud_storage_files",2014-01-01,"UK",38,"PC_IND","A","A","A","West"
"ind_cloud_storage_files",2014-01-01,"XK",26,"PC_IND","A","nocb","A","Southeast"
"ind_cloud_storage_files",2014-01-01,"AL",16,"PC_IND","A","nocb","A","Southeast"
"ind_cloud_storage_files",2014-01-01,"CH",31,"PC_IND","A","A","A","Central"
"ind_cloud_storage_files",2014-01-01,"EU28",21,"PC_IND","A","A","A","aggregate"
"ind_cloud_storage_files",2014-01-01,"FR",21,"PC_IND","A","A","A","West"
"ind_cloud_storage_files",2014-01-01,"EU15",24,"PC_IND","A","A","A","aggregate"
"ind_cloud_storage_files",2014-01-01,"EU27_2007",21,"PC_IND","A","A","A","aggregate"
"ind_cloud_storage_files",2015-01-01,"AT",21,"PC_IND","A","A","A","Central"
"ind_cloud_storage_files",2015-01-01,"BA",7,"PC_IND","A","nocb","A","Southeast"
"ind_cloud_storage_files",2015-01-01,"BE",29,"PC_IND","A","A","A","Benelux"
"ind_cloud_storage_files",2015-01-01,"BG",17,"PC_IND","A","A","A","Southeast"
"ind_cloud_storage_files",2015-01-01,"CY",21,"PC_IND","A","A","A","South"
"ind_cloud_storage_files",2015-01-01,"CZ",20,"PC_IND","A","A","A","Visegrad"
"ind_cloud_storage_files",2015-01-01,"DE",23,"PC_IND","A","A","A","Central"
"ind_cloud_storage_files",2015-01-01,"DK",43,"PC_IND","A","A","A","Nordic"
"ind_cloud_storage_files",2015-01-01,"EA",23,"PC_IND","A","A","A","aggregate"
"ind_cloud_storage_files",2015-01-01,"EE",31,"PC_IND","A","A","A","Baltic"
"ind_cloud_storage_files",2015-01-01,"EL",18,"PC_IND","A","A","A","Southeast"
"ind_cloud_storage_files",2015-01-01,"ES",25,"PC_IND","A","A","A","South"
"ind_cloud_storage_files",2015-01-01,"EU27_2020",22,"PC_IND","A","A","A","aggregate"
"ind_cloud_storage_files",2015-01-01,"FI",34,"PC_IND","A","A","A","Nordic"
"ind_cloud_storage_files",2015-01-01,"HR",13,"PC_IND","A","A","A","Southeast"
"ind_cloud_storage_files",2015-01-01,"HU",25,"PC_IND","A","A","A","Visegrad"
"ind_cloud_storage_files",2015-01-01,"IE",35,"PC_IND","A","A","A","West"
"ind_cloud_storage_files",2015-01-01,"IS",42.3333333333333,"PC_IND","A","approx","A","Nordic"
"ind_cloud_storage_files",2015-01-01,"IT",19,"PC_IND","A","A","A","South"
"ind_cloud_storage_files",2015-01-01,"LT",16,"PC_IND","A","A","A","Baltic"
"ind_cloud_storage_files",2015-01-01,"LU",44,"PC_IND","A","A","A","Benelux"
"ind_cloud_storage_files",2015-01-01,"LV",21,"PC_IND","A","A","A","Baltic"
"ind_cloud_storage_files",2015-01-01,"ME",24,"PC_IND","A","nocb","A","Southeast"
"ind_cloud_storage_files",2015-01-01,"MK",22,"PC_IND","A","A","A","Southeast"
"ind_cloud_storage_files",2015-01-01,"MT",31,"PC_IND","A","A","A","South"
"ind_cloud_storage_files",2015-01-01,"NL",36,"PC_IND","A","A","A","Benelux"
"ind_cloud_storage_files",2015-01-01,"NO",48,"PC_IND","A","A","A","Nordic"
"ind_cloud_storage_files",2015-01-01,"PL",14,"PC_IND","A","A","A","Visegrad"
"ind_cloud_storage_files",2015-01-01,"PT",21,"PC_IND","A","A","A","South"
"ind_cloud_storage_files",2015-01-01,"RO",22,"PC_IND","A","A","A","Southeast"
"ind_cloud_storage_files",2015-01-01,"RS",10,"PC_IND","A","A","A","Southeast"
"ind_cloud_storage_files",2015-01-01,"SE",41,"PC_IND","A","A","A","Nordic"
"ind_cloud_storage_files",2015-01-01,"SI",19,"PC_IND","A","A","A","Central"
"ind_cloud_storage_files",2015-01-01,"SK",19,"PC_IND","A","A","A","Visegrad"
"ind_cloud_storage_files",2015-01-01,"SK",19,"PC_IND","A","A","A","Southeast"
"ind_cloud_storage_files",2015-01-01,"TR",8,"PC_IND","A","nocb","A","Southeast"
"ind_cloud_storage_files",2015-01-01,"UK",43,"PC_IND","A","A","A","West"
"ind_cloud_storage_files",2015-01-01,"XK",26,"PC_IND","A","nocb","A","Southeast"
"ind_cloud_storage_files",2015-01-01,"AL",16,"PC_IND","A","nocb","A","Southeast"
"ind_cloud_storage_files",2015-01-01,"CH",33.6666666666667,"PC_IND","A","approx","A","Central"
"ind_cloud_storage_files",2015-01-01,"EU28",25,"PC_IND","A","A","A","aggregate"
"ind_cloud_storage_files",2015-01-01,"FR",19,"PC_IND","A","A","A","West"
"ind_cloud_storage_files",2015-01-01,"EU15",27,"PC_IND","A","A","A","aggregate"
"ind_cloud_storage_files",2015-01-01,"EU27_2007",25,"PC_IND","A","A","A","aggregate"
"ind_cloud_storage_files",2016-01-01,"AT",22,"PC_IND","A","A","A","Central"
"ind_cloud_storage_files",2016-01-01,"BA",7,"PC_IND","A","nocb","A","Southeast"
"ind_cloud_storage_files",2016-01-01,"BE",32,"PC_IND","A","A","A","Benelux"
"ind_cloud_storage_files",2016-01-01,"BG",14,"PC_IND","A","A","A","Southeast"
"ind_cloud_storage_files",2016-01-01,"CY",19,"PC_IND","A","A","A","South"
"ind_cloud_storage_files",2016-01-01,"CZ",22,"PC_IND","A","A","A","Visegrad"
"ind_cloud_storage_files",2016-01-01,"DE",22,"PC_IND","A","A","A","Central"
"ind_cloud_storage_files",2016-01-01,"DK",49,"PC_IND","A","approx","A","Nordic"
"ind_cloud_storage_files",2016-01-01,"EA",24,"PC_IND","A","A","A","aggregate"
"ind_cloud_storage_files",2016-01-01,"EE",33,"PC_IND","A","A","A","Baltic"
"ind_cloud_storage_files",2016-01-01,"EL",18,"PC_IND","A","A","A","Southeast"
"ind_cloud_storage_files",2016-01-01,"ES",29,"PC_IND","A","A","A","South"
"ind_cloud_storage_files",2016-01-01,"EU27_2020",23,"PC_IND","A","A","A","aggregate"
"ind_cloud_storage_files",2016-01-01,"FI",35,"PC_IND","A","A","A","Nordic"
"ind_cloud_storage_files",2016-01-01,"HR",19,"PC_IND","A","A","A","Southeast"
"ind_cloud_storage_files",2016-01-01,"HU",24,"PC_IND","A","A","A","Visegrad"
"ind_cloud_storage_files",2016-01-01,"IE",36,"PC_IND","A","A","A","West"
"ind_cloud_storage_files",2016-01-01,"IS",50.6666666666667,"PC_IND","A","approx","A","Nordic"
"ind_cloud_storage_files",2016-01-01,"IT",20,"PC_IND","A","A","A","South"
"ind_cloud_storage_files",2016-01-01,"LT",18,"PC_IND","A","A","A","Baltic"
"ind_cloud_storage_files",2016-01-01,"LU",42,"PC_IND","A","A","A","Benelux"
"ind_cloud_storage_files",2016-01-01,"LV",22,"PC_IND","A","A","A","Baltic"
"ind_cloud_storage_files",2016-01-01,"ME",24,"PC_IND","A","nocb","A","Southeast"
"ind_cloud_storage_files",2016-01-01,"MK",22,"PC_IND","A","A","A","Southeast"
"ind_cloud_storage_files",2016-01-01,"MT",28,"PC_IND","A","A","A","South"
"ind_cloud_storage_files",2016-01-01,"NL",43,"PC_IND","A","A","A","Benelux"
"ind_cloud_storage_files",2016-01-01,"NO",45,"PC_IND","A","A","A","Nordic"
"ind_cloud_storage_files",2016-01-01,"PL",16,"PC_IND","A","A","A","Visegrad"
"ind_cloud_storage_files",2016-01-01,"PT",24,"PC_IND","A","A","A","South"
"ind_cloud_storage_files",2016-01-01,"RO",17,"PC_IND","A","A","A","Southeast"
"ind_cloud_storage_files",2016-01-01,"RS",12,"PC_IND","A","approx","A","Southeast"
"ind_cloud_storage_files",2016-01-01,"SE",45,"PC_IND","A","A","A","Nordic"
"ind_cloud_storage_files",2016-01-01,"SI",24,"PC_IND","A","A","A","Central"
"ind_cloud_storage_files",2016-01-01,"SK",23,"PC_IND","A","A","A","Visegrad"
"ind_cloud_storage_files",2016-01-01,"SK",23,"PC_IND","A","A","A","Southeast"
"ind_cloud_storage_files",2016-01-01,"TR",8,"PC_IND","A","A","A","Southeast"
"ind_cloud_storage_files",2016-01-01,"UK",43,"PC_IND","A","A","A","West"
"ind_cloud_storage_files",2016-01-01,"XK",26,"PC_IND","A","nocb","A","Southeast"
"ind_cloud_storage_files",2016-01-01,"AL",16,"PC_IND","A","nocb","A","Southeast"
"ind_cloud_storage_files",2016-01-01,"CH",36.3333333333333,"PC_IND","A","approx","A","Central"
"ind_cloud_storage_files",2016-01-01,"EU28",26,"PC_IND","A","A","A","aggregate"
"ind_cloud_storage_files",2016-01-01,"FR",21,"PC_IND","A","A","A","West"
"ind_cloud_storage_files",2016-01-01,"EU15",28,"PC_IND","A","A","A","aggregate"
"ind_cloud_storage_files",2016-01-01,"EU27_2007",26,"PC_IND","A","A","A","aggregate"
"ind_cloud_storage_files",2017-01-01,"AT",27,"PC_IND","A","A","A","Central"
"ind_cloud_storage_files",2017-01-01,"BA",7,"PC_IND","A","nocb","A","Southeast"
"ind_cloud_storage_files",2017-01-01,"BE",33,"PC_IND","A","A","A","Benelux"
"ind_cloud_storage_files",2017-01-01,"BG",18,"PC_IND","A","A","A","Southeast"
"ind_cloud_storage_files",2017-01-01,"CY",32,"PC_IND","A","A","A","South"
"ind_cloud_storage_files",2017-01-01,"CZ",24,"PC_IND","A","A","A","Visegrad"
"ind_cloud_storage_files",2017-01-01,"DE",27,"PC_IND","A","A","A","Central"
"ind_cloud_storage_files",2017-01-01,"DK",55,"PC_IND","A","A","A","Nordic"
"ind_cloud_storage_files",2017-01-01,"EA",28,"PC_IND","A","A","A","aggregate"
"ind_cloud_storage_files",2017-01-01,"EE",30,"PC_IND","A","A","A","Baltic"
"ind_cloud_storage_files",2017-01-01,"EL",20,"PC_IND","A","A","A","Southeast"
"ind_cloud_storage_files",2017-01-01,"ES",34,"PC_IND","A","A","A","South"
"ind_cloud_storage_files",2017-01-01,"EU27_2020",27,"PC_IND","A","A","A","aggregate"
"ind_cloud_storage_files",2017-01-01,"FI",37,"PC_IND","A","A","A","Nordic"
"ind_cloud_storage_files",2017-01-01,"HR",16,"PC_IND","A","A","A","Southeast"
"ind_cloud_storage_files",2017-01-01,"HU",25,"PC_IND","A","A","A","Visegrad"
"ind_cloud_storage_files",2017-01-01,"IE",42,"PC_IND","A","A","A","West"
"ind_cloud_storage_files",2017-01-01,"IS",59,"PC_IND","A","A","A","Nordic"
"ind_cloud_storage_files",2017-01-01,"IT",23,"PC_IND","A","A","A","South"
"ind_cloud_storage_files",2017-01-01,"LT",25,"PC_IND","A","A","A","Baltic"
"ind_cloud_storage_files",2017-01-01,"LU",47,"PC_IND","A","A","A","Benelux"
"ind_cloud_storage_files",2017-01-01,"LV",25,"PC_IND","A","A","A","Baltic"
"ind_cloud_storage_files",2017-01-01,"ME",24,"PC_IND","A","A","A","Southeast"
"ind_cloud_storage_files",2017-01-01,"MK",23,"PC_IND","A","A","A","Southeast"
"ind_cloud_storage_files",2017-01-01,"MT",36,"PC_IND","A","A","A","South"
"ind_cloud_storage_files",2017-01-01,"NL",49,"PC_IND","A","A","A","Benelux"
"ind_cloud_storage_files",2017-01-01,"NO",50,"PC_IND","A","A","A","Nordic"
"ind_cloud_storage_files",2017-01-01,"PL",15,"PC_IND","A","A","A","Visegrad"
"ind_cloud_storage_files",2017-01-01,"PT",28,"PC_IND","A","A","A","South"
"ind_cloud_storage_files",2017-01-01,"RO",23,"PC_IND","A","A","A","Southeast"
"ind_cloud_storage_files",2017-01-01,"RS",14,"PC_IND","A","A","A","Southeast"
"ind_cloud_storage_files",2017-01-01,"SE",57,"PC_IND","A","A","A","Nordic"
"ind_cloud_storage_files",2017-01-01,"SI",26,"PC_IND","A","A","A","Central"
"ind_cloud_storage_files",2017-01-01,"SK",25,"PC_IND","A","A","A","Visegrad"
"ind_cloud_storage_files",2017-01-01,"SK",25,"PC_IND","A","A","A","Southeast"
"ind_cloud_storage_files",2017-01-01,"TR",10,"PC_IND","A","A","A","Southeast"
"ind_cloud_storage_files",2017-01-01,"UK",46,"PC_IND","A","A","A","West"
"ind_cloud_storage_files",2017-01-01,"XK",26,"PC_IND","A","A","A","Southeast"
"ind_cloud_storage_files",2017-01-01,"AL",16,"PC_IND","A","nocb","A","Southeast"
"ind_cloud_storage_files",2017-01-01,"CH",39,"PC_IND","A","A","A","Central"
"ind_cloud_storage_files",2017-01-01,"EU28",30,"PC_IND","A","A","A","aggregate"
"ind_cloud_storage_files",2017-01-01,"FR",23,"PC_IND","A","A","A","West"
"ind_cloud_storage_files",2017-01-01,"EU15",32,"PC_IND","A","A","A","aggregate"
"ind_cloud_storage_files",2017-01-01,"EU27_2007",30,"PC_IND","A","A","A","aggregate"
"ind_cloud_storage_files",2018-01-01,"AT",26,"PC_IND","A","A","A","Central"
"ind_cloud_storage_files",2018-01-01,"BA",7,"PC_IND","A","A","A","Southeast"
"ind_cloud_storage_files",2018-01-01,"BE",34,"PC_IND","A","A","A","Benelux"
"ind_cloud_storage_files",2018-01-01,"BG",18,"PC_IND","A","A","A","Southeast"
"ind_cloud_storage_files",2018-01-01,"CY",32,"PC_IND","A","A","A","South"
"ind_cloud_storage_files",2018-01-01,"CZ",21,"PC_IND","A","A","A","Visegrad"
"ind_cloud_storage_files",2018-01-01,"DE",28,"PC_IND","A","A","A","Central"
"ind_cloud_storage_files",2018-01-01,"DK",61,"PC_IND","A","A","A","Nordic"
"ind_cloud_storage_files",2018-01-01,"EA",30,"PC_IND","A","A","A","aggregate"
"ind_cloud_storage_files",2018-01-01,"EE",36,"PC_IND","A","A","A","Baltic"
"ind_cloud_storage_files",2018-01-01,"EL",22,"PC_IND","A","A","A","Southeast"
"ind_cloud_storage_files",2018-01-01,"ES",35,"PC_IND","A","A","A","South"
"ind_cloud_storage_files",2018-01-01,"EU27_2020",29,"PC_IND","A","A","A","aggregate"
"ind_cloud_storage_files",2018-01-01,"FI",46,"PC_IND","A","A","A","Nordic"
"ind_cloud_storage_files",2018-01-01,"HR",23,"PC_IND","A","A","A","Southeast"
"ind_cloud_storage_files",2018-01-01,"HU",33,"PC_IND","A","A","A","Visegrad"
"ind_cloud_storage_files",2018-01-01,"IE",40,"PC_IND","A","A","A","West"
"ind_cloud_storage_files",2018-01-01,"IS",60,"PC_IND","A","A","A","Nordic"
"ind_cloud_storage_files",2018-01-01,"IT",25,"PC_IND","A","A","A","South"
"ind_cloud_storage_files",2018-01-01,"LT",29,"PC_IND","A","A","A","Baltic"
"ind_cloud_storage_files",2018-01-01,"LU",45,"PC_IND","A","A","A","Benelux"
"ind_cloud_storage_files",2018-01-01,"LV",26,"PC_IND","A","A","A","Baltic"
"ind_cloud_storage_files",2018-01-01,"ME",23,"PC_IND","A","A","A","Southeast"
"ind_cloud_storage_files",2018-01-01,"MK",31,"PC_IND","A","A","A","Southeast"
"ind_cloud_storage_files",2018-01-01,"MT",38,"PC_IND","A","A","A","South"
"ind_cloud_storage_files",2018-01-01,"NL",48,"PC_IND","A","A","A","Benelux"
"ind_cloud_storage_files",2018-01-01,"NO",55,"PC_IND","A","A","A","Nordic"
"ind_cloud_storage_files",2018-01-01,"PL",16,"PC_IND","A","A","A","Visegrad"
"ind_cloud_storage_files",2018-01-01,"PT",27,"PC_IND","A","A","A","South"
"ind_cloud_storage_files",2018-01-01,"RO",22,"PC_IND","A","A","A","Southeast"
"ind_cloud_storage_files",2018-01-01,"RS",16,"PC_IND","A","A","A","Southeast"
"ind_cloud_storage_files",2018-01-01,"SE",59,"PC_IND","A","A","A","Nordic"
"ind_cloud_storage_files",2018-01-01,"SI",24,"PC_IND","A","A","A","Central"
"ind_cloud_storage_files",2018-01-01,"SK",28,"PC_IND","A","A","A","Visegrad"
"ind_cloud_storage_files",2018-01-01,"SK",28,"PC_IND","A","A","A","Southeast"
"ind_cloud_storage_files",2018-01-01,"TR",16,"PC_IND","A","A","A","Southeast"
"ind_cloud_storage_files",2018-01-01,"UK",47,"PC_IND","A","A","A","West"
"ind_cloud_storage_files",2018-01-01,"XK",32,"PC_IND","A","A","A","Southeast"
"ind_cloud_storage_files",2018-01-01,"AL",16,"PC_IND","A","A","A","Southeast"
"ind_cloud_storage_files",2018-01-01,"CH",42.5,"PC_IND","A","approx","A","Central"
"ind_cloud_storage_files",2018-01-01,"EU28",31,"PC_IND","A","A","A","aggregate"
"ind_cloud_storage_files",2018-01-01,"FR",27,"PC_IND","A","A","A","West"
"ind_cloud_storage_files",2018-01-01,"EU15",34,"PC_IND","A","A","A","aggregate"
"ind_cloud_storage_files",2018-01-01,"EU27_2007",31,"PC_IND","A","A","A","aggregate"
"ind_cloud_storage_files",2019-01-01,"AT",32,"PC_IND","A","A","A","Central"
"ind_cloud_storage_files",2019-01-01,"BA",11,"PC_IND","A","A","A","Southeast"
"ind_cloud_storage_files",2019-01-01,"BE",39,"PC_IND","A","A","A","Benelux"
"ind_cloud_storage_files",2019-01-01,"BG",18,"PC_IND","A","A","A","Southeast"
"ind_cloud_storage_files",2019-01-01,"CY",41,"PC_IND","A","A","A","South"
"ind_cloud_storage_files",2019-01-01,"CZ",24,"PC_IND","A","A","A","Visegrad"
"ind_cloud_storage_files",2019-01-01,"DE",31,"PC_IND","A","A","A","Central"
"ind_cloud_storage_files",2019-01-01,"DK",62,"PC_IND","A","A","A","Nordic"
"ind_cloud_storage_files",2019-01-01,"EA",33,"PC_IND","A","A","A","aggregate"
"ind_cloud_storage_files",2019-01-01,"EE",42,"PC_IND","A","A","A","Baltic"
"ind_cloud_storage_files",2019-01-01,"EL",25,"PC_IND","A","A","A","Southeast"
"ind_cloud_storage_files",2019-01-01,"ES",42,"PC_IND","A","A","A","South"
"ind_cloud_storage_files",2019-01-01,"EU27_2020",32,"PC_IND","A","A","A","aggregate"
"ind_cloud_storage_files",2019-01-01,"FI",43,"PC_IND","A","A","A","Nordic"
"ind_cloud_storage_files",2019-01-01,"HR",23,"PC_IND","A","A","A","Southeast"
"ind_cloud_storage_files",2019-01-01,"HU",32,"PC_IND","A","A","A","Visegrad"
"ind_cloud_storage_files",2019-01-01,"IE",50,"PC_IND","A","A","A","West"
"ind_cloud_storage_files",2019-01-01,"IS",63,"PC_IND","A","A","A","Nordic"
"ind_cloud_storage_files",2019-01-01,"IT",26,"PC_IND","A","A","A","South"
"ind_cloud_storage_files",2019-01-01,"LT",33,"PC_IND","A","A","A","Baltic"
"ind_cloud_storage_files",2019-01-01,"LU",48,"PC_IND","A","A","A","Benelux"
"ind_cloud_storage_files",2019-01-01,"LV",31,"PC_IND","A","A","A","Baltic"
"ind_cloud_storage_files",2019-01-01,"ME",23,"PC_IND","A","A","A","Southeast"
"ind_cloud_storage_files",2019-01-01,"MK",27,"PC_IND","A","A","A","Southeast"
"ind_cloud_storage_files",2019-01-01,"MT",40,"PC_IND","A","A","A","South"
"ind_cloud_storage_files",2019-01-01,"NL",52,"PC_IND","A","A","A","Benelux"
"ind_cloud_storage_files",2019-01-01,"NO",56,"PC_IND","A","A","A","Nordic"
"ind_cloud_storage_files",2019-01-01,"PL",21,"PC_IND","A","A","A","Visegrad"
"ind_cloud_storage_files",2019-01-01,"PT",30,"PC_IND","A","A","A","South"
"ind_cloud_storage_files",2019-01-01,"RO",24,"PC_IND","A","A","A","Southeast"
"ind_cloud_storage_files",2019-01-01,"RS",19,"PC_IND","A","A","A","Southeast"
"ind_cloud_storage_files",2019-01-01,"SE",63,"PC_IND","A","A","A","Nordic"
"ind_cloud_storage_files",2019-01-01,"SI",30,"PC_IND","A","A","A","Central"
"ind_cloud_storage_files",2019-01-01,"SK",28,"PC_IND","A","A","A","Visegrad"
"ind_cloud_storage_files",2019-01-01,"SK",28,"PC_IND","A","A","A","Southeast"
"ind_cloud_storage_files",2019-01-01,"TR",19,"PC_IND","A","A","A","Southeast"
"ind_cloud_storage_files",2019-01-01,"UK",50,"PC_IND","A","A","A","West"
"ind_cloud_storage_files",2019-01-01,"XK",29,"PC_IND","A","A","A","Southeast"
"ind_cloud_storage_files",2019-01-01,"AL",14,"PC_IND","A","A","A","Southeast"
"ind_cloud_storage_files",2019-01-01,"CH",46,"PC_IND","A","A","A","Central"
"ind_cloud_storage_files",2019-01-01,"EU28",34,"PC_IND","A","A","A","aggregate"
"ind_cloud_storage_files",2019-01-01,"FR",30,"PC_IND","A","A","A","West"
"ind_cloud_storage_files",2019-01-01,"EU15",34,"PC_IND","A","locf","A","aggregate"
"ind_cloud_storage_files",2019-01-01,"EU27_2007",31,"PC_IND","A","locf","A","aggregate"
"ind_cloud_storage_files",2020-01-01,"AT",33,"PC_IND","A","A","A","Central"
"ind_cloud_storage_files",2020-01-01,"BA",12,"PC_IND","A","A","A","Southeast"
"ind_cloud_storage_files",2020-01-01,"BE",45,"PC_IND","A","A","A","Benelux"
"ind_cloud_storage_files",2020-01-01,"BG",24,"PC_IND","A","A","A","Southeast"
"ind_cloud_storage_files",2020-01-01,"CY",43,"PC_IND","A","A","A","South"
"ind_cloud_storage_files",2020-01-01,"CZ",28,"PC_IND","A","A","A","Visegrad"
"ind_cloud_storage_files",2020-01-01,"DE",35,"PC_IND","A","A","A","Central"
"ind_cloud_storage_files",2020-01-01,"DK",64,"PC_IND","A","A","A","Nordic"
"ind_cloud_storage_files",2020-01-01,"EA",36,"PC_IND","A","A","A","aggregate"
"ind_cloud_storage_files",2020-01-01,"EE",39,"PC_IND","A","A","A","Baltic"
"ind_cloud_storage_files",2020-01-01,"EL",26,"PC_IND","A","A","A","Southeast"
"ind_cloud_storage_files",2020-01-01,"ES",43,"PC_IND","A","A","A","South"
"ind_cloud_storage_files",2020-01-01,"EU27_2020",35,"PC_IND","A","A","A","aggregate"
"ind_cloud_storage_files",2020-01-01,"FI",49,"PC_IND","A","A","A","Nordic"
"ind_cloud_storage_files",2020-01-01,"HR",29,"PC_IND","A","A","A","Southeast"
"ind_cloud_storage_files",2020-01-01,"HU",57,"PC_IND","A","A","A","Visegrad"
"ind_cloud_storage_files",2020-01-01,"IE",45,"PC_IND","A","A","A","West"
"ind_cloud_storage_files",2020-01-01,"IS",68,"PC_IND","A","A","A","Nordic"
"ind_cloud_storage_files",2020-01-01,"IT",32,"PC_IND","A","A","A","South"
"ind_cloud_storage_files",2020-01-01,"LT",34,"PC_IND","A","A","A","Baltic"
"ind_cloud_storage_files",2020-01-01,"LU",45,"PC_IND","A","A","A","Benelux"
"ind_cloud_storage_files",2020-01-01,"LV",30,"PC_IND","A","A","A","Baltic"
"ind_cloud_storage_files",2020-01-01,"ME",30,"PC_IND","A","A","A","Southeast"
"ind_cloud_storage_files",2020-01-01,"MK",33,"PC_IND","A","A","A","Southeast"
"ind_cloud_storage_files",2020-01-01,"MT",47,"PC_IND","A","A","A","South"
"ind_cloud_storage_files",2020-01-01,"NL",48,"PC_IND","A","A","A","Benelux"
"ind_cloud_storage_files",2020-01-01,"NO",54,"PC_IND","A","A","A","Nordic"
"ind_cloud_storage_files",2020-01-01,"PL",24,"PC_IND","A","A","A","Visegrad"
"ind_cloud_storage_files",2020-01-01,"PT",30,"PC_IND","A","A","A","South"
"ind_cloud_storage_files",2020-01-01,"RO",27,"PC_IND","A","A","A","Southeast"
"ind_cloud_storage_files",2020-01-01,"RS",13,"PC_IND","A","A","A","Southeast"
"ind_cloud_storage_files",2020-01-01,"SE",64,"PC_IND","A","A","A","Nordic"
"ind_cloud_storage_files",2020-01-01,"SI",34,"PC_IND","A","A","A","Central"
"ind_cloud_storage_files",2020-01-01,"SK",33,"PC_IND","A","A","A","Visegrad"
"ind_cloud_storage_files",2020-01-01,"SK",33,"PC_IND","A","A","A","Southeast"
"ind_cloud_storage_files",2020-01-01,"TR",17,"PC_IND","A","A","A","Southeast"
"ind_cloud_storage_files",2020-01-01,"UK",53,"PC_IND","A","A","A","West"
"ind_cloud_storage_files",2020-01-01,"XK",37,"PC_IND","A","A","A","Southeast"
"ind_cloud_storage_files",2020-01-01,"AL",14,"PC_IND","A","locf","A","Southeast"
"ind_cloud_storage_files",2020-01-01,"CH",46,"PC_IND","A","locf","A","Central"
"ind_cloud_storage_files",2020-01-01,"EU28",34,"PC_IND","A","locf","A","aggregate"
"ind_cloud_storage_files",2020-01-01,"FR",30,"PC_IND","A","locf","A","West"
"ind_cloud_storage_files",2020-01-01,"EU15",34,"PC_IND","A","locf","A","aggregate"
"ind_cloud_storage_files",2020-01-01,"EU27_2007",31,"PC_IND","A","locf","A","aggregate"
"ind_cloud_storage_files",2021-01-01,"AT",32.9900640774387,"PC_IND","A","ETS(A,N,N)","A","Central"
"ind_cloud_storage_files",2021-01-01,"BA",11.9998999412397,"PC_IND","A","ETS(A,N,N)","A","Southeast"
"ind_cloud_storage_files",2021-01-01,"BE",44.9993998989413,"PC_IND","A","ETS(M,N,N)","A","Benelux"
"ind_cloud_storage_files",2021-01-01,"BG",21.8770496843909,"PC_IND","A","ETS(A,N,N)","A","Southeast"
"ind_cloud_storage_files",2021-01-01,"CY",42.9203880153495,"PC_IND","A","ETS(A,N,N)","A","South"
"ind_cloud_storage_files",2021-01-01,"CZ",27.9995995268396,"PC_IND","A","ETS(A,N,N)","A","Visegrad"
"ind_cloud_storage_files",2021-01-01,"DE",34.9995997655806,"PC_IND","A","ETS(M,N,N)","A","Central"
"ind_cloud_storage_files",2021-01-01,"DK",63.99979998512,"PC_IND","A","ETS(A,N,N)","A","Nordic"
"ind_cloud_storage_files",2021-01-01,"EA",35.9996999586597,"PC_IND","A","ETS(M,N,N)","A","aggregate"
"ind_cloud_storage_files",2021-01-01,"EE",39.0003009236292,"PC_IND","A","ETS(A,N,N)","A","Baltic"
"ind_cloud_storage_files",2021-01-01,"EL",25.999899961846,"PC_IND","A","ETS(A,N,N)","A","Southeast"
"ind_cloud_storage_files",2021-01-01,"ES",42.9998998962969,"PC_IND","A","ETS(M,N,N)","A","South"
"ind_cloud_storage_files",2021-01-01,"EU27_2020",34.9996999503623,"PC_IND","A","ETS(M,N,N)","A","aggregate"
"ind_cloud_storage_files",2021-01-01,"FI",48.6674399506149,"PC_IND","A","ETS(A,N,N)","A","Nordic"
"ind_cloud_storage_files",2021-01-01,"HR",27.7015329420543,"PC_IND","A","ETS(A,N,N)","A","Southeast"
"ind_cloud_storage_files",2021-01-01,"HU",45.0140828360617,"PC_IND","A","ETS(M,N,N)","A","Visegrad"
"ind_cloud_storage_files",2021-01-01,"IE",45.6048086921135,"PC_IND","A","ETS(A,N,N)","A","West"
"ind_cloud_storage_files",2021-01-01,"IS",67.9994998478842,"PC_IND","A","ETS(A,N,N)","A","Nordic"
"ind_cloud_storage_files",2021-01-01,"IT",31.9993999494685,"PC_IND","A","ETS(M,N,N)","A","South"
"ind_cloud_storage_files",2021-01-01,"LT",33.9998999574464,"PC_IND","A","ETS(A,N,N)","A","Baltic"
"ind_cloud_storage_files",2021-01-01,"LU",43.7137413610773,"PC_IND","A","ETS(M,N,N)","A","Benelux"
"ind_cloud_storage_files",2021-01-01,"LV",30.0001000968152,"PC_IND","A","ETS(A,N,N)","A","Baltic"
"ind_cloud_storage_files",2021-01-01,"ME",24.5714525403266,"PC_IND","A","ETS(A,N,N)","A","Southeast"
"ind_cloud_storage_files",2021-01-01,"MK",31.8409891286613,"PC_IND","A","ETS(A,N,N)","A","Southeast"
"ind_cloud_storage_files",2021-01-01,"MT",46.5751687997484,"PC_IND","A","ETS(A,N,N)","A","South"
"ind_cloud_storage_files",2021-01-01,"NL",48.0004002558013,"PC_IND","A","ETS(A,N,N)","A","Benelux"
"ind_cloud_storage_files",2021-01-01,"NO",54.1797455722981,"PC_IND","A","ETS(A,N,N)","A","Nordic"
"ind_cloud_storage_files",2021-01-01,"PL",23.9996998837791,"PC_IND","A","ETS(A,N,N)","A","Visegrad"
"ind_cloud_storage_files",2021-01-01,"PT",29.9999999699254,"PC_IND","A","ETS(A,N,N)","A","South"
"ind_cloud_storage_files",2021-01-01,"RO",20.4684488689352,"PC_IND","A","ETS(M,N,N)","A","Southeast"
"ind_cloud_storage_files",2021-01-01,"RS",13.0006000044171,"PC_IND","A","ETS(M,N,N)","A","Southeast"
"ind_cloud_storage_files",2021-01-01,"SE",63.9998999491497,"PC_IND","A","ETS(A,N,N)","A","Nordic"
"ind_cloud_storage_files",2021-01-01,"SI",33.9995985567079,"PC_IND","A","ETS(M,N,N)","A","Central"
"ind_cloud_storage_files",2021-01-01,"SK",32.9994997323545,"PC_IND","A","ETS(M,N,N)","A","Visegrad"
"ind_cloud_storage_files",2021-01-01,"SK",32.9994997323545,"PC_IND","A","ETS(M,N,N)","A","Southeast"
"ind_cloud_storage_files",2021-01-01,"TR",17.0002000142594,"PC_IND","A","ETS(M,N,N)","A","Southeast"
"ind_cloud_storage_files",2021-01-01,"UK",52.9996998507279,"PC_IND","A","ETS(A,N,N)","A","West"
"ind_cloud_storage_files",2021-01-01,"XK",34.490649874467,"PC_IND","A","ETS(M,N,N)","A","Southeast"
"ind_cloud_storage_files",2021-01-01,"AL",15.6,"PC_IND","A","ETS(A,N,N)","A","Southeast"
"ind_cloud_storage_files",2021-01-01,"CH",48.6666666666667,"PC_IND","A","ETS(A,A,N)","A","Central"
"ind_cloud_storage_files",2021-01-01,"EU28",36.1347354009481,"PC_IND","A","ETS(A,A,N)","A","aggregate"
"ind_cloud_storage_files",2021-01-01,"FR",33.6245676796127,"PC_IND","A","ETS(A,A,N)","A","West"
"ind_cloud_storage_files",2021-01-01,"EU15",36.4462426292369,"PC_IND","A","ETS(A,A,N)","A","aggregate"
"ind_cloud_storage_files",2021-01-01,"EU27_2007",33.4128083212009,"PC_IND","A","ETS(A,A,N)","A","aggregate"
